<?xml version="1.0" encoding="UTF-8"?>
<hibernate-configuration>
	<session-factory><!-- Datos de conexion a la base de datos -->
		<property name="connection.driver_class">com.mysql.jdbc.Driver</property>
		<property name="connection.url">jdbc:mysql://localhost:3306/db_ejemplo?zeroDateTimeBehavior=convertToNull&amp;autoReconnect=true&amp;characterEncoding=UTF-8&amp;characterSetResults=UTF-8
		</property>
		<property name="connection.username">root</property>
		<property name="connection.password">1234</property><!-- JDBC connection pool (use the 
			built-in) -->
		<property name="connection.pool_size">1</property><!-- Dialecto SQL para Hibernate - 
			MySql -->
		<property name="dialect">org.hibernate.dialect.MySQLDialect</property><!-- 
			Enable Hibernate's automatic session context management -->
		<property name="current_session_context_class">thread</property><!-- Disable the second-level 
			cache -->
		<property name="cache.provider_class">org.hibernate.cache.NoCacheProvider</property><!-- 
			Echo all executed SQL to stdout -->
		<property name="show_sql">true</property>
		<!-- Mapeo de las clases que definen 
			entidades de base de datos -->
		<mapping class="com.captton.clase11.model.Empleado" />
		<mapping class="com.captton.clase11.model.DetallesEmpleado" />
		<mapping class="com.captton.clase11.model.Departamento" />
		<mapping class="com.captton.clase11.model.Reunion" />
	</session-factory>
</hibernate-configuration>